,speaker,gender,member_state,EP,party_group,Dominant_Topic,prev_ai_edu,AI_education,prev_global_market,Global_market,prev_digital_sov,Digital_sovereignty,prev_eu_tech,European_technology_capacity,prev_democracy,Democracy,prev_human_rights,Human_rights,prev_residual,Residuals
0,Magdalena Adamowicz,1,Poland,1.0,European People's Party,Democracy,0.058688387635756,5.868838763575599,0.0662071846282372,6.62071846282372,0.0728905597326649,7.289055973266489,0.0678780284043441,6.787802840434411,0.284252297410192,28.425229741019198,0.0662071846282372,6.62071846282372,0.383876357560567,38.387635756056696
1,Marina Kaljurand,1,Estonia,1.0,Progressive Alliance of Socialists and Democrats in the European Parliament,Democracy,0.0912962962962962,9.129629629629619,0.103148148148148,10.3148148148148,0.158703703703703,15.8703703703703,0.101666666666666,10.1666666666666,0.272777777777777,27.2777777777777,0.0912962962962962,9.129629629629619,0.1811111111111109,18.11111111111109
2,Annalisa Tardino,1,Italy,1.0,Identity and Democracy Group,Residual,0.0718599033816425,7.18599033816425,0.0630032206119162,6.300322061191619,0.0525362318840579,5.25362318840579,0.0581723027375201,5.81723027375201,0.179750402576489,17.9750402576489,0.0807165861513687,8.07165861513687,0.493961352657003,49.3961352657003
3,Laura Ferrara,1,Italy,1.0,Non-attached Members,Democracy,0.0681454836131095,6.81454836131095,0.0521582733812949,5.215827338129491,0.129696243005595,12.969624300559502,0.0689448441247002,6.89448441247002,0.326338928856914,32.6338928856914,0.0905275779376499,9.05275779376499,0.26418864908073403,26.418864908073402
4,Paulo Rangel,0,Portugal,1.0,European People's Party,Residual,0.0792181069958847,7.9218106995884705,0.089917695473251,8.9917695473251,0.0569958847736625,5.69958847736625,0.0561728395061728,5.61728395061728,0.139300411522633,13.9300411522633,0.0693415637860082,6.93415637860082,0.509053497942385,50.9053497942385
5,Ismail Ertug,0,Germany,1.0,Progressive Alliance of Socialists and Democrats in the European Parliament,Democracy,0.0880555555555555,8.80555555555555,0.105833333333333,10.5833333333333,0.0636111111111111,6.361111111111111,0.0925,9.25,0.243611111111111,24.3611111111111,0.1025,10.25,0.3038888888888886,30.38888888888886
6,Michal Šimečka,0,Slovakia,1.0,Renew Europe Group,Residual,0.0864463601532567,8.64463601532567,0.0797413793103448,7.97413793103448,0.120929118773946,12.0929118773946,0.0577107279693486,5.77107279693486,0.161159003831417,16.1159003831417,0.0864463601532567,8.64463601532567,0.407567049808428,40.7567049808428
7,Elżbieta Kruk,1,Poland,1.0,European Conservatives and Reformists Group,Residual,0.107230392156862,10.7230392156862,0.0639297385620915,6.392973856209149,0.0631127450980392,6.31127450980392,0.0819035947712418,8.190359477124181,0.209354575163398,20.9354575163398,0.0663807189542483,6.6380718954248294,0.408088235294116,40.8088235294116
8,Sira Rego,1,Spain,1.0,Left group in the European Parliament,Residual,0.0772827282728272,7.72827282728272,0.0981848184818481,9.81848184818481,0.0981848184818481,9.81848184818481,0.0761826182618261,7.61826182618261,0.165291529152915,16.5291529152915,0.104785478547854,10.4785478547854,0.380088008800879,38.008800880087904
9,Tanja Fajon,1,Slovenia,1.0,Progressive Alliance of Socialists and Democrats in the European Parliament,Democracy,0.122188139059304,12.2188139059304,0.0771983640081799,7.71983640081799,0.0478868438991138,4.7886843899113805,0.0444785276073619,4.44785276073619,0.334867075664621,33.4867075664621,0.100374914792092,10.0374914792092,0.2730061349693243,27.30061349693243
10,Tom Vandendriessche,0,Belgium,1.0,Identity and Democracy Group,Democracy,0.0861111111111111,8.611111111111109,0.0871212121212121,8.71212121212121,0.0598484848484848,5.98484848484848,0.0608585858585858,6.08585858585858,0.312373737373737,31.2373737373737,0.12550505050505,12.550505050505,0.26818181818181697,26.818181818181696
11,Gwendoline Delbos-Corfield,1,France,1.0,The Greens/European Free Alliance,Democracy,0.122844827586206,12.2844827586206,0.0979406130268199,9.79406130268199,0.091235632183908,9.1235632183908,0.0883620689655172,8.836206896551719,0.263649425287356,26.364942528735604,0.130507662835249,13.0507662835249,0.2054597701149422,20.54597701149422
12,Nicola Procaccini,0,Germany,1.0,Identity and Democracy Group,Democracy,0.0908816425120773,9.08816425120773,0.0788043478260869,7.88043478260869,0.107789855072463,10.7789855072463,0.0896739130434782,8.96739130434782,0.304649758454106,30.464975845410603,0.0945048309178744,9.45048309178744,0.233695652173912,23.3695652173912
13,Niyazi Kizilyürek,0,Cyprus,1.0,Left group in the European Parliament,Residual,0.106561302681992,10.6561302681992,0.108477011494252,10.8477011494252,0.0778256704980843,7.78256704980843,0.0644157088122605,6.44157088122605,0.166906130268199,16.6906130268199,0.1352969348659,13.52969348659,0.3405172413793094,34.05172413793094
14,Costas Papadakis,0,Cyprus,1.0,Progressive Alliance of Socialists and Democrats in the European Parliament,Human rights,0.0594650205761316,5.94650205761316,0.117078189300411,11.7078189300411,0.109670781893004,10.9670781893004,0.0989711934156378,9.89711934156378,0.0808641975308642,8.08641975308642,0.306378600823045,30.637860082304503,0.227572016460904,22.7572016460904
15,Balázs Hidvéghi,0,Hungary,1.0,Non-attached Members,Democracy,0.0705555555555555,7.05555555555555,0.092037037037037,9.2037037037037,0.075,7.5,0.0601851851851851,6.01851851851851,0.262407407407407,26.240740740740698,0.103148148148148,10.3148148148148,0.3366666666666664,33.666666666666636
16,Philippe Olivier,0,Belgium,1.0,The Greens/European Free Alliance,Residual,0.0866769547325102,8.66769547325102,0.0877057613168724,8.770576131687239,0.0609567901234567,6.09567901234567,0.0609567901234567,6.09567901234567,0.166923868312757,16.692386831275698,0.140174897119341,14.0174897119341,0.39660493827160404,39.6604938271604
17,Patrick Breyer,0,Germany,1.0,European Conservatives and Reformists Group,Residual,0.0678743961352657,6.787439613526571,0.094927536231884,9.4927536231884,0.0756038647342995,7.560386473429951,0.064975845410628,6.4975845410628,0.229227053140096,22.9227053140096,0.0929951690821256,9.29951690821256,0.374396135265699,37.4396135265699
18,Robert Roos,0,Netherlands,1.0,European Conservatives and Reformists Group,Democracy,0.0635964912280701,6.35964912280701,0.074317738791423,7.4317738791423,0.0850389863547758,8.50389863547758,0.0557992202729044,5.57992202729044,0.390107212475633,39.0107212475633,0.0928362573099415,9.28362573099415,0.2383040935672508,23.83040935672508
19,Márton Gyöngyösi,0,Hungary,1.0,Non-attached Members,Residual,0.081583552055993,8.158355205599301,0.0842082239720035,8.42082239720035,0.113079615048119,11.3079615048119,0.107830271216098,10.7830271216098,0.176946631671041,17.6946631671041,0.161198600174978,16.1198600174978,0.275153105861766,27.5153105861766
20,Sven Simon,0,Germany,1.0,European People's Party,Democracy,0.0689736346516007,6.89736346516007,0.0962806026365348,9.62806026365348,0.0793314500941619,7.93314500941619,0.0661487758945386,6.61487758945386,0.271421845574387,27.142184557438696,0.117937853107344,11.7937853107344,0.2999058380414305,29.99058380414305
21,Moritz Körner,0,Germany,1.0,Renew Europe Group,Democracy,0.075082508250825,7.5082508250825,0.0717821782178217,7.1782178217821695,0.137788778877887,13.7788778877887,0.0838833883388338,8.38833883388338,0.255500550055005,25.5500550055005,0.117986798679867,11.7986798679867,0.2579757975797577,25.797579757975768
22,Sergey Lagodinsky,0,Germany,1.0,The Greens/European Free Alliance,Residual,0.0830979284369115,8.309792843691149,0.0821563088512241,8.21563088512241,0.0840395480225988,8.40395480225988,0.086864406779661,8.686440677966099,0.177259887005649,17.725988700564898,0.0708568738229755,7.085687382297549,0.415725047080978,41.5725047080978
23,Herman Tertsch,0,Spain,1.0,European Conservatives and Reformists Group,Democracy,0.0628654970760233,6.2865497076023305,0.0795739348370927,7.95739348370927,0.0678780284043441,6.787802840434411,0.0745614035087719,7.45614035087719,0.349415204678362,34.9415204678362,0.0946115288220551,9.46115288220551,0.2710944026733494,27.10944026733494
24,Carles Puigdemont i Casamajó,0,Spain,1.0,Non-attached Members,Residual,0.093954248366013,9.3954248366013,0.0634531590413943,6.34531590413943,0.0678104575163398,6.78104575163398,0.104847494553376,10.4847494553376,0.224673202614379,22.4673202614379,0.137527233115468,13.752723311546799,0.3077342047930281,30.77342047930281
25,Milan Zver,0,Slovenia,1.0,European People's Party,Democracy,0.0737547892720306,7.375478927203059,0.0614942528735632,6.14942528735632,0.0576628352490421,5.76628352490421,0.0768199233716475,7.6819923371647505,0.309003831417624,30.9003831417624,0.0637931034482758,6.379310344827579,0.3574712643678156,35.74712643678156
26,Łukasz Kohut,0,Poland,1.0,Progressive Alliance of Socialists and Democrats in the European Parliament,Residual,0.0642655367231638,6.4265536723163805,0.0642655367231638,6.4265536723163805,0.0680320150659133,6.80320150659133,0.0840395480225988,8.40395480225988,0.20927495291902,20.927495291902,0.140536723163841,14.0536723163841,0.369585687382297,36.9585687382297
27,Ramona Strugariu,1,Romania,1.0,Renew Europe Group,Democracy,0.101262626262626,10.1262626262626,0.0578282828282828,5.78282828282828,0.0982323232323232,9.82323232323232,0.078030303030303,7.803030303030301,0.360858585858585,36.085858585858496,0.100252525252525,10.0252525252525,0.20353535353535313,20.353535353535314
28,Gilles Lebreton,0,France,1.0,Identity and Democracy Group,Democracy,0.101772030651341,10.1772030651341,0.0806992337164751,8.06992337164751,0.0759099616858237,7.59099616858237,0.0730363984674329,7.30363984674329,0.252155172413793,25.2155172413793,0.0969827586206896,9.698275862068959,0.319444444444444,31.944444444444397
29,Ioannis Lagos,0,Greece,1.0,Non-attached Members,Residual,0.0828042328042328,8.28042328042328,0.0891534391534391,8.91534391534391,0.0722222222222222,7.2222222222222205,0.0722222222222222,7.2222222222222205,0.215079365079365,21.507936507936503,0.0912698412698412,9.12698412698412,0.37724867724867633,37.724867724867636
30,Vladimír Bilčík,0,Slovakia,1.0,European People's Party,Democracy,0.0694444444444444,6.94444444444444,0.0838744588744588,8.38744588744588,0.0795454545454545,7.954545454545451,0.0939754689754689,9.39754689754689,0.307539682539682,30.7539682539682,0.0874819624819624,8.74819624819624,0.278138528138527,27.8138528138527
31,Susanna Ceccardi,1,Italy,1.0,Identity and Democracy Group,Residual,0.0811258278145695,8.11258278145695,0.0590507726269315,5.90507726269315,0.0781824871228844,7.81824871228844,0.0678807947019867,6.78807947019867,0.231236203090507,23.1236203090507,0.0634657836644591,6.346578366445909,0.41905813097865996,41.905813097865995
32,Rasmus Andresen,0,Germany,1.0,The Greens/European Free Alliance,Residual,0.0906022845275181,9.06022845275181,0.118639667705088,11.863966770508801,0.0947559709241952,9.47559709241952,0.0843717549325025,8.43717549325025,0.14356178608515,14.356178608515,0.0895638629283488,8.95638629283488,0.378504672897195,37.850467289719504
33,Dace Melbārde,1,Latvia,1.0,European Conservatives and Reformists Group,Democracy,0.0946759259259259,9.46759259259259,0.102083333333333,10.2083333333333,0.138194444444444,13.8194444444444,0.0909722222222222,9.09722222222222,0.296527777777777,29.6527777777777,0.110416666666666,11.0416666666666,0.1671296296296296,16.71296296296296
34,Isabel Wiseler-Lima,1,Luxembourg,1.0,European People's Party,Democracy,0.0709013209013209,7.09013209013209,0.0887723387723387,8.87723387723387,0.0592463092463092,5.92463092463092,0.0506993006993007,5.06993006993007,0.387917637917637,38.7917637917637,0.105089355089355,10.508935508935501,0.2373737373737371,23.73737373737371
35,Anna Júlia Donáth,1,Hungary,1.0,Renew Europe Group,Democracy,0.0690757128810226,6.90757128810226,0.0720255653883972,7.20255653883972,0.184119960668633,18.411996066863303,0.0710422812192723,7.104228121927229,0.185103244837758,18.5103244837758,0.133972468043264,13.397246804326398,0.2846607669616513,28.466076696165132
36,Arba Kokalari,1,Sweden,1.0,European People's Party,Democracy,0.0734427609427609,7.344276094276091,0.0818602693602693,8.18602693602693,0.0784932659932659,7.849326599326591,0.108796296296296,10.8796296296296,0.338594276094276,33.8594276094276,0.116372053872053,11.6372053872053,0.2024410774410768,20.24410774410768
37,Stelios Kympouropoulos,0,Greece,1.0,European People's Party,Democracy,0.0872719734660033,8.72719734660033,0.0632255389718076,6.322553897180761,0.100538971807628,10.0538971807628,0.115464344941956,11.5464344941956,0.255597014925373,25.5597014925373,0.232379767827529,23.237976782752902,0.1455223880597014,14.552238805970141
38,Morten Løkkegaard,0,Denmark,1.0,Renew Europe Group,Democracy,0.0672635445362718,6.72635445362718,0.0691000918273645,6.91000918273645,0.0883838383838383,8.83838383838383,0.094811753902663,9.4811753902663,0.322543617998163,32.2543617998163,0.114095500459136,11.4095500459136,0.24380165289256178,24.38016528925618
39,Lukas Mandl,0,Austria,1.0,European People's Party,Democracy,0.0823996265172735,8.23996265172735,0.100140056022408,10.0140056022408,0.0945378151260504,9.45378151260504,0.0674603174603174,6.74603174603174,0.225256769374416,22.5256769374416,0.151493930905695,15.149393090569498,0.278711484593836,27.871148459383598
40,Sunčana Glavak,1,Croatia,1.0,European People's Party,Democracy,0.0648148148148148,6.48148148148148,0.0803030303030303,8.030303030303031,0.0823232323232323,8.23232323232323,0.128787878787878,12.8787878787878,0.282996632996633,28.2996632996633,0.0702020202020202,7.02020202020202,0.29057239057238904,29.057239057238903
41,Klemen Grošelj,0,Slovenia,1.0,Renew Europe Group,Democracy,0.0807086614173228,8.07086614173228,0.0544619422572178,5.44619422572178,0.154199475065616,15.419947506561599,0.06583552055993,6.583552055993,0.305555555555555,30.555555555555504,0.081583552055993,8.158355205599301,0.257655293088363,25.7655293088363
42,Peter Pollák,0,Slovakia,1.0,European People's Party,Democracy,0.0782828282828282,7.828282828282821,0.119605142332415,11.960514233241499,0.0617539026629935,6.17539026629935,0.0746097337006427,7.460973370064269,0.252754820936639,25.275482093663896,0.120523415977961,12.052341597796099,0.292470156106519,29.2470156106519
43,Eugen Tomac,0,Romania,1.0,European People's Party,Residual,0.0936041083099906,9.36041083099906,0.105742296918767,10.5742296918767,0.104808590102707,10.4808590102707,0.076797385620915,7.6797385620915,0.152427637721755,15.242763772175499,0.0627917833800186,6.27917833800186,0.40382819794584396,40.38281979458439
44,Didier Reynders,0,Belgium,0.0,European Commissioner for Justice,Digital sovereignty,0.0640681003584229,6.40681003584229,0.107676224611708,10.7676224611708,0.394414575866188,39.4414575866188,0.176373954599761,17.637395459976098,0.0700418160095579,7.00418160095579,0.0742234169653524,7.42234169653524,0.1132019115890083,11.32019115890083
45,Joachim Stanisław Brudziński,0,Poland,1.0,European Conservatives and Reformists Group,Digital sovereignty,0.0779761904761904,7.7976190476190395,0.0867063492063492,8.670634920634921,0.212103174603174,21.2103174603174,0.144642857142857,14.4642857142857,0.0827380952380952,8.27380952380952,0.0906746031746031,9.067460317460311,0.30515873015872896,30.515873015872895
46,Valter Flego,0,Croatia,1.0,Renew Europe Group,European technology capacity,0.0514039855072463,5.14039855072463,0.0571407004830917,5.71407004830917,0.0764643719806763,7.64643719806763,0.45871074879227,45.871074879226995,0.0275513285024154,2.75513285024154,0.0550271739130434,5.502717391304341,0.273701690821255,27.3701690821255
47,Carlos Zorrinho,0,Portugal,1.0,Progressive Alliance of Socialists and Democrats in the European Parliament,European technology capacity,0.149038461538461,14.9038461538461,0.129807692307692,12.980769230769202,0.119836182336182,11.9836182336182,0.26798433048433,26.798433048433,0.068554131054131,6.855413105413099,0.0949074074074074,9.49074074074074,0.1698717948717948,16.98717948717948
48,Damian Boeselager,0,Germany,1.0,The Greens/European Free Alliance,European technology capacity,0.072890559732665,7.289055973266501,0.143901420217209,14.3901420217209,0.171470342522974,17.1470342522974,0.183166248955722,18.3166248955722,0.058688387635756,5.868838763575599,0.071219715956558,7.1219715956558005,0.298663324979114,29.8663324979114
49,Jessica Stegrud,1,Sweden,1.0,European Conservatives and Reformists Group,AI education,0.209225280326197,20.9225280326197,0.0705912334352701,7.05912334352701,0.109327217125382,10.9327217125382,0.191896024464831,19.1896024464831,0.0716106014271152,7.16106014271152,0.0981141692150866,9.81141692150866,0.2492354740061155,24.92354740061155
50,Cristian-Silviu Buşoi,0,Romania,1.0,European People's Party,European technology capacity,0.0491452991452991,4.91452991452991,0.0685703185703185,6.857031857031851,0.0911033411033411,9.11033411033411,0.439199689199689,43.9199689199689,0.046037296037296,4.6037296037296,0.0452602952602952,4.52602952602952,0.2606837606837606,26.068376068376057
51,Nicola Danti,0,Italy,1.0,Renew Europe Group,European technology capacity,0.142697132616487,14.2697132616487,0.0575716845878136,5.7571684587813605,0.101478494623655,10.147849462365501,0.307571684587813,30.757168458781297,0.0638440860215053,6.384408602150531,0.0710125448028673,7.1012544802867295,0.25582437275985503,25.582437275985505
52,Adam Bielan,0,Poland,1.0,European Conservatives and Reformists Group,European technology capacity,0.0908869395711501,9.08869395711501,0.0879629629629629,8.796296296296289,0.202972709551656,20.2972709551656,0.291666666666666,29.1666666666666,0.0704191033138401,7.041910331384011,0.0626218323586744,6.26218323586744,0.19346978557504813,19.346978557504812
53,Seán Kelly ,0,Ireland,1.0,European People's Party,European technology capacity,0.0980046948356807,9.800469483568069,0.079225352112676,7.922535211267601,0.112871674491392,11.2871674491392,0.339006259780907,33.9006259780907,0.0573161189358372,5.73161189358372,0.0565336463223787,5.65336463223787,0.257042253521126,25.704225352112598
54,Ondřej Kovařík,0,Czechia,1.0,Renew Europe Group,AI education,0.220666666666666,22.066666666666602,0.0864444444444444,8.644444444444439,0.161111111111111,16.1111111111111,0.124666666666666,12.4666666666666,0.0873333333333333,8.73333333333333,0.186888888888888,18.688888888888798,0.1328888888888888,13.28888888888888
55,Laurence Farreng,1,France,1.0,Renew Europe Group,AI education,0.263888888888888,26.3888888888888,0.095,9.5,0.114259259259259,11.4259259259259,0.192037037037037,19.203703703703702,0.0905555555555555,9.05555555555555,0.0668518518518518,6.68518518518518,0.1774074074074066,17.74074074074066
56,Martina Michels,1,Germany,1.0,Left group in the European Parliament,AI education,0.248931623931623,24.8931623931623,0.0873931623931623,8.739316239316231,0.170299145299145,17.0299145299145,0.0882478632478632,8.82478632478632,0.137820512820512,13.7820512820512,0.0916666666666666,9.16666666666666,0.17564102564102552,17.56410256410255
57,Pernando Barrena Arza,0,Spain,1.0,Left group in the European Parliament,Digital sovereignty,0.213768115942029,21.3768115942029,0.105555555555555,10.5555555555555,0.241787439613526,24.178743961352602,0.0794685990338164,7.94685990338164,0.110386473429951,11.0386473429951,0.0929951690821256,9.29951690821256,0.1560386473429952,15.603864734299519
58,Victor Negrescu,0,Romania,1.0,Progressive Alliance of Socialists and Democrats in the European Parliament,AI education,0.235367063492063,23.5367063492063,0.0935019841269841,9.35019841269841,0.180803571428571,18.0803571428571,0.170882936507936,17.088293650793602,0.099454365079365,9.9454365079365,0.0667162698412698,6.67162698412698,0.1532738095238094,15.32738095238094
59,Deirdre Clune,1,Ireland,1.0,European People's Party,Digital sovereignty,0.0405270655270655,4.0527065527065504,0.0581908831908831,5.81908831908831,0.491524216524216,49.1524216524216,0.141951566951566,14.1951566951566,0.051068376068376,5.106837606837599,0.0909544159544159,9.09544159544159,0.1257834757834757,12.578347578347572
60,Marion Walsmann,1,Germany,1.0,European People's Party,Digital sovereignty,0.118639667705088,11.863966770508801,0.142523364485981,14.252336448598099,0.22975077881619899,22.9750778816199,0.13006230529595,13.006230529595001,0.0864485981308411,8.64485981308411,0.151869158878504,15.1869158878504,0.1407061266874351,14.07061266874351
61,Konstantinos Arvanitis,0,Greece,1.0,Left group in the European Parliament,Human rights,0.149555555555555,14.955555555555499,0.0846666666666666,8.46666666666666,0.143333333333333,14.3333333333333,0.139777777777777,13.9777777777777,0.0882222222222222,8.82222222222222,0.181555555555555,18.155555555555498,0.21288888888888818,21.288888888888817
62,Andreas Schwab,0,Germany,1.0,European People's Party,Digital sovereignty,0.0706181533646322,7.06181533646322,0.150430359937402,15.043035993740201,0.26310641627543,26.310641627543003,0.0854851330203442,8.54851330203442,0.0737480438184663,7.374804381846629,0.079225352112676,7.922535211267601,0.277386541471048,27.738654147104803
63,Evelyne Gebhardt,1,Germany,1.0,Progressive Alliance of Socialists and Democrats in the European Parliament,Residual,0.0916666666666666,9.16666666666666,0.0779914529914529,7.799145299145289,0.10534188034188,10.534188034188,0.0942307692307692,9.42307692307692,0.0702991452991453,7.02991452991453,0.193376068376068,19.3376068376068,0.367094017094016,36.709401709401604
64,Carlo Fidanza,0,Italy,1.0,European Conservatives and Reformists Group,European technology capacity,0.085707502374169,8.5707502374169,0.072412155745489,7.2412155745488995,0.127492877492877,12.7492877492877,0.2167616334283,21.676163342829998,0.079059829059829,7.9059829059829,0.099002849002849,9.9002849002849,0.31956315289648496,31.956315289648497
65,Kateřina Konečná,1,Czechia,1.0,Left group in the European Parliament,Human rights,0.12018701870187,12.018701870187,0.148789878987898,14.8789878987898,0.16089108910891,16.089108910891,0.104785478547854,10.4785478547854,0.0761826182618261,7.61826182618261,0.157590759075907,15.7590759075907,0.2315731573157308,23.15731573157308
66,Pablo Arias Echeverria,0,Spain,1.0,European People's Party,Digital sovereignty,0.0801851851851851,8.01851851851851,0.0898148148148148,8.981481481481481,0.399444444444444,39.9444444444444,0.095,9.5,0.0838888888888888,8.38888888888888,0.0712962962962963,7.12962962962963,0.1803703703703694,18.03703703703694
67,Elena Lizzi,1,Italy,1.0,Identity and Democracy Group,Digital sovereignty,0.101478494623655,10.147849462365501,0.0943100358422939,9.43100358422939,0.308467741935483,30.8467741935483,0.143593189964157,14.359318996415698,0.0719086021505376,7.1908602150537595,0.0934139784946236,9.34139784946236,0.1868279569892472,18.68279569892472
68,Krzysztof Jurgiel,0,Poland,1.0,European Conservatives and Reformists Group,Digital sovereignty,0.0859227871939736,8.59227871939736,0.0717984934086629,7.17984934086629,0.246939736346516,24.6939736346516,0.199858757062146,19.9858757062146,0.0529661016949152,5.296610169491521,0.0830979284369115,8.309792843691149,0.25941619585687303,25.941619585687302
69,Ádám Kósa,0,Hungary,1.0,Non-attached Members,European technology capacity,0.197194719471947,19.719471947194698,0.0838833883388339,8.38833883388339,0.109185918591859,10.9185918591859,0.197194719471947,19.719471947194698,0.0717821782178217,7.1782178217821695,0.105885588558855,10.5885588558855,0.23487348734873398,23.487348734873397
70,Antonius Manders,0,Netherlands,1.0,European People's Party,Digital sovereignty,0.0986901535682023,9.86901535682023,0.142953929539295,14.2953929539295,0.243224932249322,24.322493224932202,0.146567299006323,14.656729900632302,0.0598464317976513,5.98464317976513,0.0815266485998193,8.15266485998193,0.22719060523938528,22.719060523938527
71,Markéta Gregorová,1,Czechia,1.0,The Greens/European Free Alliance,European technology capacity,0.077127659574468,7.7127659574468,0.132683215130023,13.268321513002302,0.131501182033096,13.1501182033096,0.169326241134751,16.9326241134751,0.085401891252955,8.5401891252955,0.139775413711583,13.977541371158301,0.26418439716311903,26.4184397163119
72,Joanna Kopcińska,1,Poland,1.0,European Conservatives and Reformists Group,European technology capacity,0.0909722222222222,9.09722222222222,0.104861111111111,10.4861111111111,0.190972222222222,19.0972222222222,0.190046296296296,19.004629629629598,0.0520833333333333,5.20833333333333,0.102083333333333,10.2083333333333,0.268981481481481,26.8981481481481
73,Salvatore De Meo,0,Italy,1.0,European People's Party,Digital sovereignty,0.122668288726682,12.266828872668201,0.106447688564476,10.6447688564476,0.296228710462287,29.6228710462287,0.126723438767234,12.6723438767234,0.0715733982157339,7.15733982157339,0.085360908353609,8.5360908353609,0.1909975669099753,19.09975669099753
74,Claudia Gamon,1,Austria,1.0,Renew Europe Group,Global market,0.117853290183387,11.7853290183387,0.194444444444444,19.4444444444444,0.111380798274002,11.138079827400201,0.108144552319309,10.8144552319309,0.0779395900755124,7.793959007551241,0.075782092772384,7.5782092772383995,0.31445523193095903,31.4455231930959
75,Ylva Johansson,1,Sweden,1.0,European Commissioner for Home Affairs,Human rights,0.0617710251688152,6.1771025168815195,0.0961479435236341,9.61479435236341,0.160297728667894,16.0297728667894,0.0562461632903621,5.6246163290362095,0.0881675874769797,8.81675874769797,0.405847145488029,40.5847145488029,0.1315224063842847,13.15224063842847
76,Jean-Lin Lacapelle,0,France,1.0,Identity and Democracy Group,Human rights,0.0527016742770167,5.2701674277016695,0.0740106544901065,7.401065449010651,0.08162100456621,8.162100456621001,0.0679223744292237,6.792237442922371,0.079337899543379,7.9337899543379,0.427891933028919,42.789193302891896,0.216514459665143,21.6514459665143
77,Eugen Jurzyca,0,Slovakia,1.0,European Conservatives and Reformists Group,Human rights,0.0884661835748792,8.84661835748792,0.119867149758454,11.9867149758454,0.081219806763285,8.1219806763285,0.0715579710144927,7.15579710144927,0.0945048309178744,9.45048309178744,0.228562801932367,22.8562801932367,0.31582125603864697,31.582125603864696
78,Cornelia Ernst,1,Germany,1.0,Left group in the European Parliament,Human rights,0.0731954582319546,7.31954582319546,0.134833738848337,13.4833738848337,0.0553527980535279,5.53527980535279,0.0504866180048661,5.0486618004866095,0.0780616382806164,7.806163828061639,0.405717761557177,40.5717761557177,0.2023519870235197,20.23519870235197
79,Jeroen Lenaers,0,Netherlands,1.0,European People's Party,Human rights,0.0814676616915423,8.146766169154231,0.112976782752902,11.2976782752902,0.145315091210613,14.531509121061301,0.11712271973466,11.712271973466,0.0466417910447761,4.66417910447761,0.256426202321724,25.642620232172398,0.24004975124377997,24.004975124377996
80,Sabrina Pignedoli,1,Italy,1.0,Non-attached Members,Human rights,0.0679894179894179,6.79894179894179,0.0732804232804232,7.3280423280423195,0.192857142857142,19.2857142857142,0.0891534391534391,8.91534391534391,0.0986772486772486,9.86772486772486,0.22037037037037,22.037037037037,0.257671957671957,25.767195767195698
81,Miroslav Radačovský,0,Slovakia,1.0,Non-attached Members,Human rights,0.104166666666666,10.4166666666666,0.123713991769547,12.3713991769547,0.070216049382716,7.0216049382716,0.0661008230452674,6.61008230452674,0.102109053497942,10.2109053497942,0.229681069958847,22.9681069958847,0.30401234567901103,30.401234567901103
82,Fabienne Keller,1,France,1.0,Renew Europe Group,Human rights,0.0891304347826087,8.91304347826087,0.0698067632850241,6.980676328502409,0.125845410628019,12.584541062801899,0.0620772946859903,6.207729468599029,0.107487922705314,10.7487922705314,0.300724637681159,30.0724637681159,0.24492753623188301,24.4927536231883
83,Christine Schneider,1,Germany,1.0,European People's Party,AI education,0.42047619047619,42.047619047619,0.0992063492063491,9.92063492063491,0.11063492063492,11.063492063492001,0.149999999999999,14.999999999999899,0.0623809523809523,6.23809523809523,0.0484126984126984,4.84126984126984,0.1088888888888888,10.88888888888888
84,Diana Riba i Giner,1,Spain,1.0,The Greens/European Free Alliance,AI education,0.364301801801801,36.4301801801801,0.0692567567567567,6.92567567567567,0.125563063063063,12.5563063063063,0.124812312312312,12.4812312312312,0.0459834834834834,4.59834834834834,0.0857732732732732,8.577327327327321,0.18430930930930922,18.430930930930923
85,Christine Anderson,1,Germany,1.0,Identity and Democracy Group,AI education,0.253614916286149,25.361491628614903,0.10369101978691,10.369101978691,0.131088280060882,13.1088280060882,0.0618340943683409,6.18340943683409,0.0633561643835616,6.33561643835616,0.128805175038051,12.8805175038051,0.2576103500761034,25.76103500761034
86,Vincenzo Sofo,0,Italy,1.0,European Conservatives and Reformists Group,AI education,0.33884479717813,33.884479717813,0.120149911816578,12.0149911816578,0.0866402116402116,8.66402116402116,0.0831128747795414,8.31128747795414,0.0690035273368606,6.90035273368606,0.0751763668430335,7.5176366843033495,0.2270723104056436,22.70723104056436
87,Sylvie Brunet,1,France,1.0,Renew Europe Group,AI education,0.376083530338849,37.6083530338849,0.0931836091410559,9.31836091410559,0.0923955870764381,9.239558707643809,0.126280535855003,12.628053585500302,0.0782111899133175,7.82111899133175,0.0711189913317573,7.111899133175729,0.1627265563435775,16.27265563435775
88,Marcos Ros Sempere,0,Spain,1.0,Progressive Alliance of Socialists and Democrats in the European Parliament,AI education,0.420601851851851,42.0601851851851,0.0613425925925925,6.13425925925925,0.0687499999999999,6.874999999999989,0.11412037037037,11.412037037036999,0.0530092592592592,5.30092592592592,0.0956018518518518,9.56018518518518,0.1865740740740734,18.65740740740734
89,Lefteris Christoforou,0,Cyprus,1.0,European People's Party,AI education,0.323067632850241,32.3067632850241,0.105676328502415,10.5676328502415,0.0807165861513687,8.07165861513687,0.111312399355877,11.1312399355877,0.0678341384863124,6.783413848631239,0.0766908212560386,7.66908212560386,0.23470209339774517,23.470209339774517
90,Valdis Dombrovskis,0,Latvia,0.0,Executive Vice President of the European Commission for An Economy that Works for People/European Commissioner for Trade,Global market,0.0554679284963196,5.54679284963196,0.443480546792849,44.3480546792849,0.134332281808622,13.4332281808622,0.118208902909218,11.820890290921799,0.0530143708377146,5.30143708377146,0.0351384507535927,3.51384507535927,0.1603575184016818,16.03575184016818
91,Radosław Sikorski,0,Poland,1.0,European People's Party,Global market,0.12953514739229,12.953514739229,0.298469387755102,29.8469387755102,0.0694444444444444,6.94444444444444,0.102324263038548,10.2324263038548,0.126133786848072,12.6133786848072,0.08078231292517,8.078231292517,0.19331065759637178,19.331065759637177
92,Bernd Lange,0,Germany,1.0,Progressive Alliance of Socialists and Democrats in the European Parliament,Global market,0.0913413413413413,9.13413413413413,0.394644644644644,39.4644644644644,0.106356356356356,10.6356356356356,0.0703203203203203,7.03203203203203,0.0653153153153153,6.53153153153153,0.0763263263263263,7.63263263263263,0.19569569569569528,19.569569569569527
93,Reinhard Bütikofer,0,Germany,1.0,The Greens/European Free Alliance,Global market,0.0785714285714285,7.85714285714285,0.289153439153439,28.9153439153439,0.087037037037037,8.703703703703699,0.123015873015873,12.301587301587299,0.0997354497354497,9.973544973544971,0.0616402116402116,6.16402116402116,0.260846560846559,26.0846560846559
94,Marco Campomenosi,0,Italy,1.0,Identity and Democracy Group,Global market,0.068200663349917,6.820066334991701,0.290422885572139,29.0422885572139,0.107172470978441,10.7172470978441,0.0814676616915422,8.146766169154219,0.0972222222222222,9.72222222222222,0.108830845771144,10.883084577114401,0.2466832504145932,24.668325041459322
95,Helmut Scholz,0,Germany,1.0,Left group in the European Parliament,Global market,0.0711469534050179,7.11469534050179,0.347849462365591,34.7849462365591,0.0560931899641577,5.60931899641577,0.122759856630824,12.2759856630824,0.0675627240143369,6.75627240143369,0.0482078853046595,4.82078853046595,0.286379928315412,28.637992831541197
96,Tiziana Beghin,1,Italy,1.0,Non-attached Members,Global market,0.0830712788259958,8.30712788259958,0.33464360587002,33.464360587002,0.0914570230607966,9.14570230607966,0.0704926624737945,7.0492662473794505,0.0767819706498951,7.67819706498951,0.0946016771488469,9.46016771488469,0.2489517819706491,24.89517819706491
97,Anna Cavazzini,1,Germany,1.0,The Greens/European Free Alliance,Global market,0.0667162698412698,6.67162698412698,0.267113095238095,26.7113095238095,0.0915178571428571,9.15178571428571,0.0845734126984127,8.45734126984127,0.108382936507936,10.8382936507936,0.133184523809523,13.3184523809523,0.24851190476190302,24.8511904761903
98,Dominik Tarczyński,0,Poland,1.0,European Conservatives and Reformists Group,Global market,0.093042071197411,9.304207119741099,0.261326860841423,26.1326860841423,0.0725458468176914,7.25458468176914,0.10059331175836,10.059331175836,0.0671521035598705,6.71521035598705,0.140507011866235,14.050701186623499,0.264832793959007,26.4832793959007
99,Manuel Bompard,0,France,1.0,Left group in the European Parliament,Residual,0.0897633744855967,8.97633744855967,0.162808641975308,16.2808641975308,0.108281893004115,10.8281893004115,0.0784465020576131,7.84465020576131,0.100051440329218,10.0051440329218,0.122685185185185,12.2685185185185,0.337962962962962,33.796296296296205
100,Juan Ignacio Zoido Álvarez,0,Spain,1.0,European People's Party,Residual,0.0830896686159844,8.308966861598439,0.116228070175438,11.6228070175438,0.0733430799220273,7.33430799220273,0.119152046783625,11.9152046783625,0.156189083820662,15.618908382066198,0.0947855750487329,9.47855750487329,0.3572124756335274,35.72124756335274
101,Kathleen Van Brempt,1,Belgium,1.0,Progressive Alliance of Socialists and Democrats in the European Parliament,Global market,0.121598639455782,12.1598639455782,0.213435374149659,21.343537414965898,0.103458049886621,10.345804988662099,0.156746031746031,15.6746031746031,0.100056689342403,10.0056689342403,0.0671768707482993,6.7176870748299295,0.23752834467120149,23.75283446712015
102,Nicolae Ştefănuță,0,Romania,1.0,Renew Europe Group,Residual,0.0658730158730158,6.587301587301581,0.118783068783068,11.8783068783068,0.0986772486772486,9.86772486772486,0.181216931216931,18.1216931216931,0.0986772486772486,9.86772486772486,0.144179894179894,14.4179894179894,0.2925925925925922,29.259259259259217
103,Henrike Hahn,1,Germany,1.0,The Greens/European Free Alliance,Global market,0.0603103103103103,6.03103103103103,0.279529529529529,27.9529529529529,0.0933433433433433,9.33433433433433,0.186436436436436,18.6436436436436,0.0833333333333333,8.33333333333333,0.106356356356356,10.6356356356356,0.1906906906906903,19.06906906906903
104,Virginie Joron,1,France,1.0,Identity and Democracy Group,Residual,0.0941091954022988,9.41091954022988,0.0806992337164751,8.06992337164751,0.140086206896551,14.0086206896551,0.104645593869731,10.4645593869731,0.0874042145593869,8.74042145593869,0.0979406130268199,9.79406130268199,0.395114942528735,39.511494252873504
105,Michiel Hoogeveen,0,Netherlands,1.0,European Conservatives and Reformists Group,Global market,0.0917366946778711,9.17366946778711,0.257002801120448,25.700280112044798,0.0777310924369748,7.773109243697481,0.0936041083099906,9.36041083099906,0.076797385620915,7.6797385620915,0.0674603174603174,6.74603174603174,0.3356676003734824,33.566760037348246
106,Massimiliano Salini,0,Italy,1.0,European People's Party,Global market,0.0944444444444444,9.44444444444444,0.205555555555555,20.5555555555555,0.0817460317460317,8.17460317460317,0.10079365079365,10.079365079365001,0.172751322751322,17.2751322751322,0.112433862433862,11.2433862433862,0.2322751322751315,23.22751322751315
107,Tonino Picula,0,Croatia,1.0,Progressive Alliance of Socialists and Democrats in the European Parliament,Global market,0.100988700564971,10.0988700564971,0.372175141242937,37.2175141242937,0.0717984934086629,7.17984934086629,0.178201506591337,17.8201506591337,0.067090395480226,6.7090395480225995,0.0727401129943502,7.27401129943502,0.1370056497175141,13.700564971751412
108,Dita Charanzová,1,Czechia,1.0,Renew Europe Group,Residual,0.10895061728395,10.895061728395,0.186728395061728,18.6728395061728,0.105246913580246,10.5246913580246,0.105246913580246,10.5246913580246,0.0941358024691358,9.41358024691358,0.0966049382716049,9.66049382716049,0.30308641975308603,30.308641975308603
109,Karin Karlsbro,1,Sweden,1.0,Renew Europe Group,Global market,0.0893393393393393,8.933933933933929,0.211461461461461,21.1461461461461,0.126376376376376,12.6376376376376,0.156406406406406,15.6406406406406,0.117367367367367,11.7367367367367,0.0893393393393393,8.933933933933929,0.2097097097097093,20.97097097097093
110,Jörgen Warborn,0,Sweden,1.0,European People's Party,Global market,0.105355355355355,10.5355355355355,0.288538538538538,28.8538538538538,0.136386386386386,13.6386386386386,0.14039039039039,14.039039039039,0.0683183183183183,6.83183183183183,0.0763263263263263,7.63263263263263,0.1846846846846843,18.46846846846843
111,Christophe Hansen,0,Luxembourg,1.0,European People's Party,Global market,0.105725623582766,10.5725623582766,0.276927437641723,27.6927437641723,0.0955215419501133,9.55215419501133,0.0739795918367347,7.39795918367347,0.128401360544217,12.8401360544217,0.0739795918367347,7.39795918367347,0.2454648526077092,24.54648526077092
112,Barry Andrews,0,Ireland,1.0,Renew Europe Group,Global market,0.0853353353353353,8.53353353353353,0.302552552552552,30.255255255255197,0.0733233233233233,7.33233233233233,0.1504004004004,15.040040040040001,0.0843343343343343,8.433433433433429,0.0893393393393393,8.933933933933929,0.21471471471471432,21.471471471471432
113,Bogdan Rzońca,0,Poland,1.0,European Conservatives and Reformists Group,Residual,0.101648351648351,10.1648351648351,0.176129426129426,17.6129426129426,0.124847374847374,12.4847374847374,0.0808913308913309,8.089133089133089,0.121184371184371,12.1184371184371,0.0686813186813186,6.868131868131861,0.3266178266178262,32.66178266178262
114,Maria Grapini,1,Romania,1.0,Progressive Alliance of Socialists and Democrats in the European Parliament,Global market,0.0732060185185185,7.32060185185185,0.271122685185185,27.1122685185185,0.125289351851851,12.5289351851851,0.0986689814814814,9.86689814814814,0.116030092592592,11.603009259259201,0.0905671296296296,9.05671296296296,0.225115740740739,22.511574074073902
115,Dragoş Pîslaru,0,Romania,1.0,Renew Europe Group,Global market,0.10176282051282,10.176282051282,0.299412393162393,29.941239316239297,0.175480769230769,17.5480769230769,0.100694444444444,10.0694444444444,0.0761217948717948,7.612179487179479,0.0750534188034188,7.50534188034188,0.17147435897435892,17.14743589743589
116,Josianne Cutajar,1,Malta,1.0,Progressive Alliance of Socialists and Democrats in the European Parliament,European technology capacity,0.167845117845117,16.7845117845117,0.101178451178451,10.1178451178451,0.145622895622895,14.562289562289498,0.231144781144781,23.1144781144781,0.0466329966329966,4.66329966329966,0.0688552188552188,6.88552188552188,0.238720538720537,23.8720538720537
117,Tsvetelina Penkova,1,Bulgaria,1.0,Progressive Alliance of Socialists and Democrats in the European Parliament,European technology capacity,0.0576797385620915,5.76797385620915,0.0629084967320261,6.29084967320261,0.165522875816993,16.5522875816993,0.372058823529411,37.2058823529411,0.0563725490196078,5.63725490196078,0.086437908496732,8.6437908496732,0.1990196078431368,19.90196078431368
118,Isabella Tovaglieri,1,Italy,1.0,Identity and Democracy Group,AI education,0.230957989791912,23.0957989791912,0.0472124067530427,4.72124067530427,0.157930899096976,15.7930899096976,0.134766391833529,13.476639183352901,0.0507459756576364,5.07459756576364,0.117098547310561,11.709854731056101,0.26128778955634,26.128778955634
119,Pilar del Castillo Vera,1,Spain,1.0,European People's Party,European technology capacity,0.0965877044557247,9.65877044557247,0.171601804850535,17.160180485053502,0.174985899605188,17.4985899605188,0.295121263395375,29.5121263395375,0.0469543147208121,4.69543147208121,0.0334179357021996,3.34179357021996,0.1813310772701632,18.13310772701632
120,Ivo Hristov,0,Bulgaria,1.0,Progressive Alliance of Socialists and Democrats in the European Parliament,Digital sovereignty,0.146505376344086,14.6505376344086,0.0795997610513739,7.95997610513739,0.197281959378733,19.7281959378733,0.151284348864994,15.1284348864994,0.0867682198327359,8.67682198327359,0.122013142174432,12.2013142174432,0.21654719235364342,21.654719235364343
121,Eva Maydell,1,Bulgaria,1.0,European People's Party,Democracy,0.0628229974160206,6.28229974160206,0.198481912144702,19.8481912144702,0.122254521963824,12.225452196382399,0.113210594315245,11.3210594315245,0.212693798449612,21.2693798449612,0.0977067183462532,9.77067183462532,0.1928294573643407,19.28294573643407
122,Margrethe Vestager,1,Denmark,0.0,Executive Vice President of the European Commission for A Europe Fit for the Digital Age/European Commissioner for Competition,Global market,0.0323361823361823,3.2336182336182304,0.553703703703703,55.3703703703703,0.105650522317188,10.5650522317188,0.0919753086419753,9.19753086419753,0.0585470085470085,5.85470085470085,0.0479107312440645,4.79107312440645,0.1098765432098765,10.98765432098765
123,Tom Vandenkdelaere,0,Belgium,1.0,European People's Party,Digital sovereignty,0.0785066981875492,7.85066981875492,0.118695823483057,11.8695823483057,0.220350669818754,22.0350669818754,0.0757486209613869,7.57486209613869,0.0816587864460205,8.16587864460205,0.22192671394799,22.192671394799,0.203112687155239,20.3112687155239
124,Ana Paula Zacarias,1,Portugal,,Secretary of State for European Affairs,Democracy,0.079927178764388,7.9927178764388,0.109995301855766,10.9995301855766,0.0724101479915433,7.24101479915433,0.141003053793751,14.1003053793751,0.308726802912849,30.872680291284897,0.11892177589852,11.892177589852,0.16901573878317988,16.90157387831799
125,Věra Jourová,1,Czechia,0.0,Vice President of the European Commission for Values and Transparency,Democracy,0.0522533022533022,5.22533022533022,0.074009324009324,7.4009324009324,0.0956099456099456,9.56099456099456,0.0962315462315462,9.62315462315462,0.421794871794871,42.179487179487104,0.051010101010101,5.101010101010099,0.20909090909090872,20.90909090909087
126,Henna Virkkunen,1,Finland,1.0,European People's Party,European technology capacity,0.0584163898117386,5.84163898117386,0.0602620893318567,6.02620893318567,0.200535252860834,20.053525286083403,0.314968623108157,31.4968623108157,0.117478774455518,11.7478774455518,0.0525101513473606,5.251015134736059,0.1958287190845322,19.58287190845322
127,Dragoş Tudorache,0,Romania,1.0,Renew Europe Group,Digital sovereignty,0.0515336765336765,5.15336765336765,0.183236808236808,18.3236808236808,0.203185328185328,20.318532818532802,0.120602745602745,12.0602745602745,0.107303732303732,10.7303732303732,0.0792042042042042,7.920420420420419,0.2549335049335042,25.49335049335042
128,Alexandra Geese,1,Germany,1.0,The Greens/European Free Alliance,Residual,0.100129198966408,10.012919896640799,0.103820598006644,10.3820598006644,0.190568475452196,19.0568475452196,0.0975452196382428,9.75452196382428,0.10234403839055,10.234403839055,0.0949612403100775,9.49612403100775,0.31063122923588,31.063122923588
129,Svenja Hahn,1,Germany,1.0,Renew Europe Group,Human rights,0.0799579459938025,7.99579459938025,0.117142540947321,11.7142540947321,0.192618415227976,19.2618415227976,0.133300132802124,13.3300132802124,0.0828353253652058,8.28353253652058,0.20213590084108,20.213590084108,0.1920097388224876,19.20097388224876
130,Karen Melchior,1,Denmark,1.0,Renew Europe Group,AI education,0.309921710328214,30.992171032821396,0.0587925323697681,5.87925323697681,0.159364649202047,15.936464920204699,0.0711382113821138,7.113821138211381,0.128952122854561,12.8952122854561,0.0961306835290575,9.61306835290575,0.1757000903342366,17.570009033423663
131,Bart Groothuis,0,Netherlands,1.0,Renew Europe Group,Residual,0.0530753968253968,5.30753968253968,0.180720899470899,18.0720899470899,0.06630291005291,6.630291005291,0.0920965608465608,9.20965608465608,0.142361111111111,14.2361111111111,0.074239417989418,7.423941798941799,0.391203703703703,39.1203703703703
132,Jadwiga Wiśniewska,1,Poland,1.0,European Conservatives and Reformists Group,European technology capacity,0.12921146953405,12.921146953405,0.0912186379928315,9.121863799283151,0.155734767025089,15.5734767025089,0.314157706093189,31.415770609318898,0.0496415770609319,4.964157706093189,0.0639784946236559,6.39784946236559,0.1960573476702507,19.60573476702507
133,Virginijus Sinkevičius,0,Lithuania,0.0,"European Commissioner for Environment, Oceans and Fisheries",European technology capacity,0.0395005096839959,3.95005096839959,0.100322799864084,10.032279986408401,0.130224260958205,13.0224260958205,0.540010193679918,54.0010193679918,0.0486748216106014,4.86748216106014,0.0378015630309208,3.7801563030920797,0.10346585117227311,10.346585117227312
134,Kim Van Sparrentak,1,Netherlands,1.0,The Greens/European Free Alliance,Residual,0.105303666386789,10.530366638678899,0.0778757346767422,7.78757346767422,0.0834732717604254,8.34732717604254,0.0412118667786174,4.12118667786174,0.10670305065771,10.670305065771,0.224531206269241,22.4531206269241,0.3609012034704721,36.09012034704721
135,Angel Djambazki,0,Bulgaria,1.0,European Conservatives and Reformists Group,Democracy,0.0996199782844734,9.96199782844734,0.142327180600796,14.2327180600796,0.0779044516829533,7.790445168295331,0.0760948244661599,7.609482446615989,0.2823923271806,28.23923271806,0.186482084690553,18.648208469055298,0.1351791530944624,13.517915309446241
136,Marcel Kolaja,0,Czechia,1.0,The Greens/European Free Alliance,Human rights,0.0984848484848485,9.84848484848485,0.131068752036494,13.106875203649402,0.11021505376344,11.021505376344,0.0952264581296839,9.52264581296839,0.111518409905506,11.1518409905506,0.256516780710329,25.6516780710329,0.196969696969696,19.6969696969696
137,Beata Mazurek,1,Poland,1.0,European Conservatives and Reformists Group,Residual,0.0679916317991631,6.7991631799163095,0.103788935378893,10.3788935378893,0.133542538354253,13.3542538354253,0.170269642026964,17.0269642026964,0.0912366341236634,9.123663412366339,0.123314737331473,12.3314737331473,0.30985588098558703,30.985588098558704
138,Paul Tang,0,Netherlands,1.0,Progressive Alliance of Socialists and Democrats in the European Parliament,Residual,0.107439335887611,10.743933588761099,0.0652937420178799,6.52937420178799,0.0965836526181353,9.65836526181353,0.072956577266922,7.295657726692199,0.14000638569604,14.000638569603998,0.106162196679438,10.6162196679438,0.41155810983397173,41.155810983397174
139,Mariya Gabriel,1,Bulgaria,0.0,"European Commissioner for Innovation, Research, Culture, Education and Youth",AI education,0.346006621146286,34.6006621146286,0.0356403889923443,3.56403889923443,0.166201117318435,16.6201117318435,0.183167804676184,18.3167804676184,0.0662631905648665,6.62631905648665,0.0408131595282433,4.08131595282433,0.1619077177736387,16.190771777363867
140,Nicola Beer,1,Germany,1.0,Renew Europe Group,Democracy,0.0442538126361655,4.42538126361655,0.117238562091503,11.7238562091503,0.0992647058823529,9.92647058823529,0.155909586056644,15.590958605664401,0.280092592592592,28.0092592592592,0.110157952069716,11.0157952069716,0.19308278867102352,19.308278867102352
141,Kosma Złotowski,0,Poland,1.0,European Conservatives and Reformists Group,European technology capacity,0.0736882716049382,7.36882716049382,0.0659722222222222,6.59722222222222,0.143647119341563,14.364711934156299,0.362782921810699,36.2782921810699,0.0634002057613168,6.34002057613168,0.101466049382716,10.1466049382716,0.1890432098765431,18.90432098765431
142,Sabine Verheyen,1,Germany,1.0,European People's Party,AI education,0.356222222222222,35.6222222222222,0.0584444444444444,5.844444444444441,0.168962962962962,16.8962962962962,0.094,9.4,0.0922222222222222,9.222222222222221,0.109703703703703,10.9703703703703,0.1204444444444443,12.04444444444443
143,Annalisa Tardino,1,Italy,1.0,Identity and Democracy Group,Residual,0.0885770975056689,8.85770975056689,0.068735827664399,6.873582766439899,0.0772392290249433,7.723922902494331,0.0653344671201814,6.53344671201814,0.149801587301587,14.9801587301587,0.133361678004535,13.336167800453499,0.41695011337868304,41.6950113378683
144,Maria da Graça Carvalho,1,Portugal,1.0,European People's Party,AI education,0.39915458937198,39.915458937198004,0.116062801932367,11.6062801932367,0.0455314009661835,4.55314009661835,0.178381642512077,17.8381642512077,0.068719806763285,6.8719806763285,0.0803140096618357,8.03140096618357,0.11183574879227051,11.18357487922705
145,Alessandra Basso,1,Italy,1.0,Identity and Democracy Group,Digital sovereignty,0.124614197530864,12.4614197530864,0.0402520576131687,4.02520576131687,0.165252057613168,16.5252057613168,0.101980452674897,10.1980452674897,0.16113683127572,16.113683127572003,0.118955761316872,11.8955761316872,0.287808641975307,28.780864197530697
146,Christel Schaldemose,1,Denmark,1.0,Progressive Alliance of Socialists and Democrats in the European Parliament,Democracy,0.0537225042301184,5.37225042301184,0.111816130851663,11.181613085166301,0.0774111675126903,7.74111675126903,0.0678228990411731,6.7822899041173095,0.296813310772701,29.6813310772701,0.178369994359842,17.8369994359842,0.21404399323181011,21.40439932318101
147,Sandro Gozi,0,France,1.0,Renew Europe Group,Residual,0.0740176151761517,7.40176151761517,0.0984078590785907,9.84078590785907,0.151930894308943,15.193089430894299,0.0855352303523035,8.55352303523035,0.149220867208672,14.9220867208672,0.107892953929539,10.7892953929539,0.332994579945798,33.299457994579804
148,Anne-Sophie Pelletier,1,France,1.0,Left group in the European Parliament,AI education,0.250076312576312,25.007631257631203,0.0638736263736263,6.38736263736263,0.0382326007326007,3.82326007326007,0.0541056166056166,5.41056166056166,0.177426739926739,17.7426739926739,0.0818833943833943,8.18833943833943,0.334401709401709,33.4401709401709
149,Edina Tóth,1,Hungary,1.0,Non-attached Members,European technology capacity,0.112284820031298,11.2284820031298,0.12584767866458,12.584767866458,0.116458007303077,11.6458007303077,0.389280125195618,38.9280125195618,0.0387323943661971,3.8732394366197096,0.0898539384454877,8.985393844548769,0.1275430359937401,12.754303599374008
150,Ivan Štefanec,0,Slovakia,1.0,European People's Party,European technology capacity,0.059375,5.9375,0.0728009259259259,7.280092592592589,0.171412037037037,17.1412037037037,0.397337962962963,39.7337962962963,0.0394675925925925,3.9467592592592498,0.0973379629629629,9.73379629629629,0.1622685185185181,16.22685185185181
151,Miapetra Kumpula-Natri,1,Finland,1.0,Progressive Alliance of Socialists and Democrats in the European Parliament,European technology capacity,0.0321759259259259,3.21759259259259,0.186188271604938,18.6188271604938,0.170756172839506,17.0756172839506,0.195138888888888,19.5138888888888,0.149768518518518,14.9768518518518,0.101311728395061,10.1311728395061,0.1646604938271597,16.46604938271597
152,Vlad-Marius Botoş,0,Romania,1.0,Renew Europe Group,Residual,0.096031746031746,9.6031746031746,0.0852380952380952,8.52380952380952,0.158888888888888,15.8888888888888,0.0877777777777777,8.77777777777777,0.13031746031746,13.031746031746,0.103015873015873,10.3015873015873,0.338730158730158,33.8730158730158
153,Brando Benifei,0,Italy,1.0,Progressive Alliance of Socialists and Democrats in the European Parliament,Human rights,0.0454324586977648,4.54324586977648,0.0551506316812439,5.5150631681243905,0.181810819565921,18.1810819565921,0.0726433430515063,7.26433430515063,0.181486880466472,18.148688046647198,0.194120505344995,19.4120505344995,0.269355361192095,26.9355361192095
154,Alex Agius Saliba,0,Malta,1.0,Progressive Alliance of Socialists and Democrats in the European Parliament,Residual,0.0564434297311009,5.64434297311009,0.0468036529680365,4.68036529680365,0.100076103500761,10.0076103500761,0.103627600202942,10.3627600202942,0.133054287163876,13.305428716387599,0.184297311009639,18.4297311009639,0.375697615423642,37.5697615423642
155,Miriam Lexmann,1,Slovakia,1.0,European People's Party,AI education,0.252168021680216,25.2168021680216,0.0402439024390243,4.02439024390243,0.0944444444444444,9.44444444444444,0.138888888888888,13.8888888888888,0.0830623306233062,8.30623306233062,0.122086720867208,12.2086720867208,0.26910569105691,26.910569105691
156,Margaritis Schinas,0,Greece,0.0,Vice President of the European Commission for Promoting the European Way of Life,European technology capacity,0.052075702075702,5.2075702075702,0.0826007326007326,8.26007326007326,0.297741147741147,29.7741147741147,0.311660561660561,31.1660561660561,0.043040293040293,4.304029304029299,0.0799145299145299,7.99145299145299,0.13296703296703288,13.296703296703289
157,Mislav Kolakusic,0,Croatia,1.0,Non-attached Members,Residual,0.0623689727463312,6.23689727463312,0.0658630328441649,6.58630328441649,0.0931167016072676,9.31167016072676,0.0462962962962962,4.62962962962962,0.126659678546471,12.6659678546471,0.231481481481481,23.148148148148103,0.374213836477987,37.4213836477987
158,Iban Garcia Del Blanco,0,Spain,1.0,Progressive Alliance of Socialists and Democrats in the European Parliament,AI education,0.209694989106753,20.9694989106753,0.0968409586056645,9.68409586056645,0.191830065359477,19.1830065359477,0.064161220043573,6.4161220043573,0.0580610021786492,5.80610021786492,0.136928104575163,13.6928104575163,0.2424836601307188,24.24836601307188
159,Javier Zarzalejos,0,Spain,1.0,European People's Party,Human rights,0.0810185185185185,8.101851851851851,0.0571393762183235,5.71393762183235,0.0800438596491228,8.00438596491228,0.0595760233918128,5.95760233918128,0.217958089668616,21.7958089668616,0.323221247563352,32.3221247563352,0.1810428849902529,18.10428849902529
160,Tomislav Sokol,0,Croatia,1.0,European People's Party,Human rights,0.103036175710594,10.3036175710594,0.0922695951765719,9.22695951765719,0.0888242894056847,8.88242894056847,0.111218776916451,11.1218776916451,0.0655684754521963,6.55684754521963,0.331287683031869,33.1287683031869,0.207795004306632,20.7795004306632
161,Maite Pagazaurtundúa,1,Spain,1.0,Renew Europe Group,Human rights,0.0719039351851851,7.19039351851851,0.10546875,10.546875,0.139033564814814,13.9033564814814,0.0557002314814814,5.57002314814814,0.15870949074074,15.870949074074,0.243200231481481,24.320023148148103,0.2259837962962961,22.598379629629612
162,Petar Vitanov,0,Bulgaria,1.0,Progressive Alliance of Socialists and Democrats in the European Parliament,Human rights,0.0777608915906788,7.77608915906788,0.0537825059101654,5.37825059101654,0.0581729145558932,5.81729145558932,0.0466903073286052,4.66903073286052,0.0780986153326578,7.80986153326578,0.540780141843971,54.078014184397105,0.1447146234380276,14.47146234380276
163,Susana Solís Pérez,1,Spain,1.0,Renew Europe Group,AI education,0.385838525441329,38.5838525441329,0.0714563862928348,7.1456386292834795,0.0387461059190031,3.8746105919003098,0.226960020768432,22.6960020768432,0.0265446521287642,2.65446521287642,0.0475726895119418,4.75726895119418,0.2028816199376943,20.288161993769428
164,Lina Galvez Muñoz,1,Spain,1.0,Progressive Alliance of Socialists and Democrats in the European Parliament,AI education,0.331489675516224,33.1489675516224,0.0591199606686332,5.91199606686332,0.0694444444444444,6.94444444444444,0.281833824975417,28.183382497541697,0.0605948869223205,6.0594886922320494,0.0640363815142576,6.40363815142576,0.133480825958702,13.348082595870201
165,Lefteris Nikolaou-Alavanos,0,Greece,1.0,Non-attached Members,Human rights,0.138644150758688,13.8644150758688,0.0383015173764072,3.83015173764072,0.0524963289280469,5.24963289280469,0.167033773861967,16.7033773861967,0.0642437591776798,6.42437591776798,0.323176700930004,32.3176700930004,0.216103768967204,21.6103768967204
166,Pernille Weiss,1,Denmark,1.0,European People's Party,AI education,0.300969601677148,30.096960167714798,0.072982180293501,7.2982180293501,0.0908018867924528,9.08018867924528,0.108097484276729,10.809748427672899,0.0572589098532494,5.72589098532494,0.0619758909853249,6.1975890985324895,0.30791404612159323,30.791404612159322
167,Helena Dalli,1,Malta,0.0,European Commissioner for Equality,AI education,0.508163894023413,50.8163894023413,0.0785068802628876,7.85068802628876,0.0955535017457383,9.55535017457383,0.20871842267406,20.871842267406,0.0259293489422879,2.5929348942287898,0.0177141096734442,1.7714109673444198,0.0654138426781679,6.54138426781679
168,Geert Bourgeois,0,Belgium,1.0,European Conservatives and Reformists Group,Global market,0.0638138138138138,6.381381381381381,0.253603603603603,25.3603603603603,0.0866366366366366,8.663663663663659,0.0632132132132132,6.32132132132132,0.163513513513513,16.3513513513513,0.126876876876876,12.6876876876876,0.24234234234234098,24.234234234234098
169,Liesje Schreinemacher,1,Netherlands,1.0,Renew Europe Group,Global market,0.0884823848238482,8.84823848238482,0.238617886178861,23.861788617886102,0.0911924119241192,9.11924119241192,0.0592140921409214,5.92140921409214,0.0695121951219512,6.95121951219512,0.146476964769647,14.6476964769647,0.30650406504065,30.650406504064996
170,Roman Haider,0,Austria,1.0,Identity and Democracy Group,Residual,0.0718277449046679,7.182774490466789,0.193458251150558,19.3458251150558,0.0862919132149901,8.629191321499011,0.134286653517422,13.4286653517422,0.145463510848126,14.546351084812601,0.112590401051939,11.2590401051939,0.2560815253122944,25.60815253122944
171,Anna-Michelle Asimakopoulou,1,Greece,1.0,European People's Party,Global market,0.064380787037037,6.4380787037037,0.247251157407407,24.725115740740698,0.17896412037037,17.896412037037,0.0713252314814814,7.13252314814814,0.0678530092592592,6.78530092592592,0.0638020833333333,6.38020833333333,0.306423611111111,30.6423611111111
172,Maria-Manuel Leitão-Marques ,1,Portugal,1.0,Progressive Alliance of Socialists and Democrats in the European Parliament,Digital sovereignty,0.164176245210727,16.4176245210727,0.144252873563218,14.4252873563218,0.201724137931034,20.1724137931034,0.118199233716475,11.819923371647501,0.0798850574712643,7.98850574712643,0.0599616858237547,5.99616858237547,0.23180076628352392,23.180076628352392
